{"packages/cupertino_icons/assets/CupertinoIcons.ttf":["packages/cupertino_icons/assets/CupertinoIcons.ttf"],"packages/dropdown_button2/assets/fonts/Roboto-Regular.ttf":["packages/dropdown_button2/assets/fonts/Roboto-Regular.ttf"],"packages/dropdown_button2/assets/images/.gitkeep":["packages/dropdown_button2/assets/images/.gitkeep"],"packages/flutter_inappwebview/assets/t_rex_runner/t-rex.css":["packages/flutter_inappwebview/assets/t_rex_runner/t-rex.css"],"packages/flutter_inappwebview/assets/t_rex_runner/t-rex.html":["packages/flutter_inappwebview/assets/t_rex_runner/t-rex.html"],"web/assets/bg.png":["web/assets/bg.png"],"web/assets/bg2.png":["web/assets/bg2.png"],"web/assets/jq.png":["web/assets/jq.png"],"web/assets/logo.gif":["web/assets/logo.gif"],"web/assets/logo2.png":["web/assets/logo2.png"]}